{
    "n_tiles": 50,
    "n_interfaces": 4,
    "n_process": 4,
    "n_episodes": 5,
    "n_evals": 15000,
    "n_popsize": 100,
    "obj_progress": {
        "mean": [
            22.123111111111108,
            20.047272727272727,
            19.01139393939394,
            18.340161616161616,
            17.890464646464647,
            17.6120202020202,
            17.41488888888889,
            17.240626262626265,
            17.055818181818182,
            16.878323232323233,
            16.75832323232323,
            16.679414141414142,
            16.55349494949495,
            16.45440404040404,
            16.372121212121215,
            16.234222222222222,
            16.126141414141415,
            16.049454545454545,
            15.94147474747475,
            15.833858585858584,
            15.785151515151517,
            15.733818181818183,
            15.682060606060606,
            15.61531313131313,
            15.565979797979796,
            15.489838383838384,
            15.415090909090909,
            15.381939393939392,
            15.315252525252525,
            15.248323232323228,
            15.17442424242424,
            15.101515151515152,
            15.04418181818182,
            14.987474747474746,
            14.937454545454546,
            14.880686868686869,
            14.836606060606057,
            14.776808080808083,
            14.731919191919191,
            14.673737373737374,
            14.618363636363632,
            14.5729898989899,
            14.50820202020202,
            14.463393939393939,
            14.39860606060606,
            14.346484848484852,
            14.297272727272725,
            14.244505050505047,
            14.196989898989898,
            14.16238383838384,
            14.131858585858586,
            14.108727272727274,
            14.07070707070707,
            14.038363636363638,
            14.019131313131313,
            13.993373737373737,
            13.977676767676769,
            13.957232323232322,
            13.931030303030303,
            13.896626262626262,
            13.872666666666667,
            13.84670707070707,
            13.822020202020203,
            13.806181818181821,
            13.775353535353537,
            13.762525252525252,
            13.737919191919191,
            13.721858585858586,
            13.691494949494945,
            13.664545454545452,
            13.650343434343435,
            13.633858585858581,
            13.614787878787876,
            13.593959595959596,
            13.571818181818182,
            13.55359595959596,
            13.534242424242425,
            13.516141414141414,
            13.498464646464647,
            13.47406060606061,
            13.463131313131314,
            13.447252525252525,
            13.433616161616165,
            13.419434343434345,
            13.396969696969695,
            13.384303030303029,
            13.376989898989898,
            13.362161616161622,
            13.348767676767679,
            13.338404040404042,
            13.327171717171717,
            13.316343434343434,
            13.304686868686867,
            13.291979797979797,
            13.283050505050506,
            13.27486868686869,
            13.266424242424243,
            13.254969696969695,
            13.247797979797976,
            13.242747474747475,
            13.237191919191917,
            13.229313131313134,
            13.219494949494951,
            13.21050505050505,
            13.196323232323232,
            13.182383838383839,
            13.179717171717176,
            13.174303030303031,
            13.170828282828285,
            13.167313131313133,
            13.152303030303031,
            13.147010101010103,
            13.14171717171717,
            13.14171717171717,
            13.138020202020204,
            13.132161616161616,
            13.128080808080808,
            13.117535353535356,
            13.115010101010098,
            13.11014141414141,
            13.107575757575756,
            13.106666666666666,
            13.105191919191919,
            13.100383838383832,
            13.097777777777775,
            13.09270707070707,
            13.09153535353535,
            13.08622222222222,
            13.078161616161617,
            13.067959595959596,
            13.06581818181818,
            13.061252525252527,
            13.060909090909092,
            13.059676767676768,
            13.059454545454546,
            13.056060606060607,
            13.053414141414144,
            13.053191919191923,
            13.051555555555556,
            13.05058585858586,
            13.04579797979798,
            13.039999999999997,
            13.039999999999997,
            13.039878787878786,
            13.038101010101009,
            13.037999999999997,
            13.036626262626264,
            13.034080808080807,
            13.032868686868685,
            13.031494949494949
        ],